<?xml version="1.0" encoding="UTF-8" standalone="yes"?>
<addon id="repository.andtv-tvban" name="[COLOR steelblue][B]Repo[/B][/COLOR] [COLOR azure][B]ANDTV[/B] [/COLOR][COLOR blueviolet][B]TV[COLOR limegreen]BAN[/B][/COLOR]" version="15.2.23" provider-name="andtv_tvban, JoseAnd">
    <extension point="xbmc.addon.repository" name="[COLOR dodgerblue][B]Repo[/B][/COLOR] [COLOR azure][B]ANDTV[/B] [/COLOR][COLOR blueviolet][B]TV[COLOR limegreen]BAN[/B][/COLOR]">
        <dir minversion="19.0" maxversion="19.9.0">
            <info compressed="false">https://raw.githubusercontent.com/andtv/Repo-ANDTV/master/matrix/zips/addons.xml</info>
            <checksum>https://raw.githubusercontent.com/andtv/Repo-ANDTV/master/matrix/zips/addons.xml.md5</checksum>
            <datadir zip="true">https://raw.githubusercontent.com/andtv/Repo-ANDTV/master/matrix/zips/</datadir>
        </dir>
		<dir minversion="19.9.0" maxversion="20.9.0">
            <info compressed="false">https://raw.githubusercontent.com/andtv/Repo-ANDTV/master/nexus/zips/addons.xml</info>
            <checksum>https://raw.githubusercontent.com/andtv/Repo-ANDTV/master/nexus/zips/addons.xml.md5</checksum>
            <datadir zip="true">https://raw.githubusercontent.com/andtv/Repo-ANDTV/master/nexus/zips</datadir>
        </dir>
        <dir minversion="20.9.0"> <!--maxversion="21.9.0">-->
            <info>https://raw.githubusercontent.com/Palantiraddon/Repo/master/Palantir/addons.xml</info>
            <checksum>https://raw.githubusercontent.com/Palantiraddon/Repo/master/Palantir/addons.xml.md5</checksum>
            <datadir zip="true">https://raw.githubusercontent.com/Palantiraddon/repo/master/Palantir/</datadir>
        </dir>
		<dir minversion="21.9.1">
            <info compressed="false">https://raw.githubusercontent.com/andtv/repository.andtvban/master/repo/omega/zips/addons.xml</info>
            <checksum>https://raw.githubusercontent.com/andtv/repository.andtvban/master/repo/omega/zips/addons.xml.md5</checksum>
            <datadir zip="true">https://raw.githubusercontent.com/andtv/repository.andtvban/master/repo/omega/zips/</datadir>
        </dir>
    </extension>
    <extension point="xbmc.addon.metadata">
        <summary>[COLOR steelblue][B]Repo[/B][/COLOR] [COLOR azure][B]ANDTV[/B] [/COLOR][COLOR blueviolet][B]TV[COLOR limegreen]BAN[/B][/COLOR]</summary>
        <description>Repositorio de addons para [COLOR azure]ANDTV[/COLOR] [COLOR blueviolet][B]TV[COLOR limegreen]BAN[/B].
[B][COLOR lime]CREDITOS:
[COLOR white]• Developers:[/COLOR][/B] [COLOR gold]JoseAnd[/COLOR]</description> 		             
        <disclaimer>[COLOR cyan]Éste repositorio sólo recoge Add-ons válidos para [COLOR azure]Kodi 19 [COLOR limegreen]MATRIX [COLOR azure]Kodi 20 [COLOR blueviolet]NEXUS.[/COLOR]</disclaimer>
        <platform>all</platform>
        <assets>
            <icon>icon.png</icon>
            <fanart>fanart.jpg</fanart>
        </assets>
		<source>https://andtv.github.io/tvban</source>
    </extension>
</addon>
