<?xml version="1.0" encoding="UTF-8" standalone="yes"?>
<addon id="repository.andtv-tvban" name="[COLOR azure][B]Repo [COLOR limegreen]andtv[COLOR blueviolet]tvban[/B][/COLOR]" version="4.5.23" provider-name="andtv_tvban, JoseAnd">
    <extension point="xbmc.addon.repository" name="[COLOR azure][B]Repo [COLOR limegreen]andtv[COLOR blueviolet]tvban[/B][/COLOR]">
        <dir minversion="19.0" maxversion="19.9.0">
            <info compressed="false">https://raw.githubusercontent.com/andtvban/repositorio.andtvban/master/matrix/zips/addons.xml</info>
            <checksum>https://raw.githubusercontent.com/andtvban/repositorio.andtvban/master/matrix/zips/addons.xml.md5</checksum>
            <datadir zip="true">https://raw.githubusercontent.com/andtvban/repositorio.andtvban/master/matrix/zips/</datadir>
        </dir>
		<dir minversion="19.9.0" maxversion="20.9.0">
            <info compressed="false">https://raw.githubusercontent.com/andtvban/repositorio.andtvban/master/nexus/zips/addons.xml</info>
            <checksum>https://raw.githubusercontent.com/andtvban/repositorio.andtvban/master/nexus/zips/addons.xml.md5</checksum>
            <datadir zip="true">https://raw.githubusercontent.com/andtvban/repositorio.andtvban/master/nexus/zips</datadir>
        </dir>
        <dir minversion="20.9.0"> <!--maxversion="21.9.0">-->
            <info>https://raw.githubusercontent.com/Palantiraddon/Repo/master/Palantir/addons.xml</info>
            <checksum>https://raw.githubusercontent.com/Palantiraddon/Repo/master/Palantir/addons.xml.md5</checksum>
            <datadir zip="true">https://raw.githubusercontent.com/Palantiraddon/repo/master/Palantir/</datadir>
        </dir>
		<!--<dir minversion="21.9.1">
            <info compressed="false">https://raw.githubusercontent.com/andtv/repository.andtvban/master/repo/omega/zips/addons.xml</info>
            <checksum>https://raw.githubusercontent.com/andtv/repository.andtvban/master/repo/omega/zips/addons.xml.md5</checksum>
            <datadir zip="true">https://raw.githubusercontent.com/andtv/repository.andtvban/master/repo/omega/zips/</datadir>
        </dir>-->
    </extension>
    
    <extension point="xbmc.addon.metadata">
        <summary>[COLOR azure]Repo[/COLOR] [COLOR limegreen]andtv[/COLOR][COLOR blueviolet]tvban.[/COLOR]</summary>
        <description>Repositorio de addons para [COLOR azure]ANDTV[/COLOR] [COLOR blueviolet]TVBAN.[/COLOR]
[B][COLOR lime]CREDITOS:
[COLOR white]• Developers:[/COLOR][/B] [COLOR gold]JoseAnd[/COLOR]</description> 		             
        <disclaimer>[COLOR cyan]Éste repositorio sólo recoge Add-ons válidos para [COLOR azure]Kodi 19 [COLOR limegreen]MATRIX [COLOR azure]Kodi 20 [COLOR blueviolet]NEXUS.[/COLOR]</disclaimer>
        <platform>all</platform>
        <assets>
            <icon>icon.png</icon>
            <fanart>fanart.jpg</fanart>
        </assets>
		<source>https://andtvban.github.io/andtv</source>
    </extension>
</addon>
