<?xml version="1.0" encoding="UTF-8" standalone="yes"?>
<addon id="repository.Andtv-Nexus" name="[COLOR steelblue][B]Repo[/COLOR] [COLOR azure]ANDTV[/B][/COLOR]" version="12.5.23" provider-name="andtv_tvban, JoseAnd">
    <extension point="xbmc.addon.repository" name="[COLOR dodgerblue][B]Repo[/B][/COLOR] [COLOR azure]ANDTV[/B][/COLOR]">
		<dir minversion="20.0" maxversion="20.9.0">
            <info compressed="false">https://raw.githubusercontent.com/andtvban/repositorio.andtvban/master/nexus/zips/addons.xml</info>
            <checksum>https://raw.githubusercontent.com/andtvban/repositorio.andtvban/master/nexus/zips/addons.xml.md5</checksum>
            <datadir zip="true">https://raw.githubusercontent.com/andtvban/repositorio.andtvban/master/nexus/zips</datadir>
        </dir>
        <dir minversion="20.9.0"> <!--maxversion="21.9.0">-->
            <info>https://raw.githubusercontent.com/Palantiraddon/Repo/master/Palantir/addons.xml</info>
            <checksum>https://raw.githubusercontent.com/Palantiraddon/Repo/master/Palantir/addons.xml.md5</checksum>
            <datadir zip="true">https://raw.githubusercontent.com/Palantiraddon/repo/master/Palantir/</datadir>
        </dir>	
    </extension>
    <extension point="xbmc.addon.metadata">
        <summary>[COLOR steelblue]Repo[/COLOR] [COLOR azure]Andtv[/COLOR] [COLOR blueviolet]Nex[/COLOR]</summary>
        <description>Repositorio de addons para [COLOR azure]TVBAN[/COLOR].
[B][COLOR lime]CREDITOS:
[COLOR white]• Developers:[/COLOR][/B] [COLOR gold]JoseAnd[/COLOR]</description> 		             
        <disclaimer>[COLOR cyan]Éste repositorio sólo recoge Add-ons válidos para [COLOR azure]KODI 20 [COLOR blueviolet]NEXUS.[/COLOR]</disclaimer>
        <platform>all</platform>
        <assets>
            <icon>icon.png</icon>
            <fanart>fanart.jpg</fanart>
        </assets>
		<source>https://andtv.github.io/tvban</source>
    </extension>
</addon>

