<?xml version="1.0" encoding="UTF-8" standalone="yes"?>
<addon id="plugin.program.andtv-tvban" name="[B][COLOR limegreen]andtv[/COLOR][COLOR blueviolet]tvban[/COLOR][/B]" version="7.5.23" provider-name="[B][COLOR azure]andtv_tvban, JoseAnd[/COLOR][/B]">
	<requires>
    	<import addon="xbmc.python" version="3.0.0"/>
    	<import addon="script.module.requests" />
        <import addon="script.module.six" />
        <import addon="script.kodi.android.update" optional="true" version="1.1.7" />
	</requires>
	
	<extension point="xbmc.python.pluginsource" library="default.py">
    	<provides>executable</provides>
    </extension>
  
	<extension point="xbmc.service" library="startup.py" start="startup" />
  
	<extension point="xbmc.addon.metadata">
		<summary lang="es">
	[COLOR limegreen]andtv[/COLOR] [COLOR blueviolet]tvban[/COLOR], 
	tu [COLOR lime]Wizard[/COLOR] para [COLOR teal]KODI 19[/COLOR] [COLOR limegreen]Matrix[/COLOR], [COLOR teal]KODI 20[/COLOR] [COLOR blueviolet]Nexus[/COLOR]</summary>
		
    	<description lang="es">
[COLOR springgreen][B]CREDITOS:[/COLOR][/B] 
[COLOR white][B]• Developers:[/B]      [COLOR dodgerblue]JoseAnd[/COLOR]
[COLOR white][B]• Testers:[/B]             [COLOR limegreen]andtv, [COLOR blueviolet]tvban[/COLOR]
[COLOR white][B]• Telegram:[/B]         [COLOR deepskyblue]t.me/beelinkking[/COLOR]</description>
		<platform>all</platform>
		<reuselanguageinvoker>false</reuselanguageinvoker>
        <source>https://andtvban.github.io/andtv/</source>
		<news>
• [COLOR azure][B]plugin.program[/B][/COLOR] [COLOR limegreen][B]andtv[/B][/COLOR][COLOR blueviolet][B]tvban[/B][/COLOR]
• Para Kodi 19.0 Matrix - Kodi 20.0 Nexus 

• [COLOR darkorange]05/02/2023[/COLOR]
- Inciada la compatibilidad con Versiones de Kodi.
- Nuevo Instalador a la versión  5.2.23
- Añadido nuevos arreglos:
¤ Limpieza de Miniaturas.     ¤ Color en Notificaciones.

• [COLOR darkorange]07/05/2023[/COLOR]
- Añadido nuevos arreglos

</news>
	<assets>
	    <icon>icon.png</icon>
        <fanart>fanart.jpg</fanart>
	</assets>
    </extension>
</addon>
