<?xml version="1.0" encoding="UTF-8" standalone="yes"?>
<addon id="repository.andTVban" name="[COLOR azure][B]Repo[/COLOR] [COLOR cyan]and[COLOR white]TV[COLOR blueviolet]ban[/B][/COLOR]" version="19.4.24" provider-name="andTVban, JoseaTeba">
    <extension point="xbmc.addon.repository" name="[COLOR steelblue][B]Repo[/COLOR] [COLOR green]and[COLOR azure]TV[COLOR blueviolet]ban[/B][/COLOR]">
		<dir minversion="19.9.9" maxversion="20.9.9">
            <info compressed="false">https://raw.githubusercontent.com/andtvban/repositorio.andtvban/master/nexus/zips/addons.xml</info>
            <checksum>https://raw.githubusercontent.com/andtvban/repositorio.andtvban/master/nexus/zips/addons.xml.md5</checksum>
            <datadir zip="true">https://raw.githubusercontent.com/andtvban/repositorio.andtvban/master/nexus/zips</datadir>
        </dir>
        <dir minversion="20.9.9" maxversion="21.9.9"> 
            <info compressed="false">https://raw.githubusercontent.com/andtvban/repositorio.andtvban/master/omega/zips/addons.xml</info>
            <checksum>https://raw.githubusercontent.com/andtvban/repositorio.andtvban/master/omega/zips/addons.xml.md5</checksum>
            <datadir zip="true">https://raw.githubusercontent.com/andtvban/repositorio.andtvban/master/omega/zips</datadir>
        </dir>		
    </extension>
    <extension point="xbmc.addon.metadata">
        <summary>[COLOR azure]Repo[/COLOR] [COLOR  cyan]and[COLOR white]TV[/COLOR] [COLOR blueviolet]ban[/COLOR]</summary>
        <description>Repositorio de addons para [COLOR azure]TVBAN[/COLOR].
[B][COLOR lime]CREDITOS:
[COLOR white]• Developers:[/COLOR][/B] [COLOR gold]JoseaTeba[/COLOR]</description> 		             
        <disclaimer>[COLOR cyan]Éste repositorio sólo recoge Add-ons externos válidos para [COLOR steelblue]KODI 20 [COLOR blueviolet]NEXUS, KODI 21 [COLOR cyan]OMEGA [/COLOR]</disclaimer>
        <platform>all</platform>
        <assets>
            <icon>icon.png</icon>
            <fanart>fanart.jpg</fanart>
        </assets>
		<source>https://andtv.github.io/tvban</source>
    </extension>
</addon>
